{"competitionName":"Scrambles for 2022-10-15","version":"TNoodle-WCA-1.1.2","generationDate":"Oct 15, 2022 3:55:57 PM","generationUrl":"/wcif/zip","wcif":{"formatVersion":"1.0","id":"","name":"Scrambles for 2022-10-15","shortName":"Scrambles for 2022-10-15","persons":[],"events":[{"id":"pyram","rounds":[{"id":"pyram-r1","format":"a","scrambleSetCount":1,"scrambleSets":[{"id":1,"scrambles":["B' L' R' B' L' B' U' B' L B R' u r' b'","B' R' B' U B' R' B' L' R' L' U' l r b'","L U L R U R U L B' R' L' l' r' b","R U R L' B R' L' B R' L B u' l' b","U' R' B' L' R' L R' U' R' L' U l r b'"],"extraScrambles":["B' U' L B U L' U' B' R L' U' r' b'","U B' U L R' B R' L U B' R' u l r' b'"]}],"extensions":[{"id":"org.worldcubeassociation.tnoodle.SheetCopyCount","specUrl":"","data":{"numCopies":"1"}}]}]},{"id":"333","rounds":[]}],"schedule":{"numberOfDays":0,"venues":[]}}}